Ticker,Sector,Market Cap,P/E Ratio,PEG Ratio,EV/EBITDA,ROE,ROA,EPS,Debt-to-Equity,Revenue Growth,Net Income Growth,EPS Growth,Free Cash Flow Growth,EBITDA Margin,Gross Margin,Operating Margin,Intrinsic Value,Current Price,Stock Score
NVDA,Technology,3400436809728.0,0.7456393402146044,0.8741284002421775,0.5053454887122579,0.2981359239004074,1.0,2.53,0.9937612810242374,1.0,1.0,1.0,1.0,0.916680318450523,0.7061007792602698,0.9022098036031647,21.282583832125074,138.85000610351562,1.0257602598404736
MA,Financial Services,514896232448.0,0.8337094726139302,0.7880249190371655,0.7096421950785952,0.458225084156364,0.37526804371322203,13.89,0.742881304302361,0.07817880154150902,0.053407939024846,0.053273145736107724,0.1360642045784562,0.8751873895856462,1.0,0.8092721490173297,270.36154735495495,564.760009765625,0.48256188527381577
V,Financial Services,682503045120.0,0.8644068197551186,0.8075904333903539,0.7473399527667031,0.10601680094619047,0.27226406354543736,9.91,0.9589359351486026,0.07961165495073595,0.05275409237958402,0.05488286335580519,0.08025498238939625,1.0,0.9733981028452232,1.0,192.04117027421728,353.80999755859375,0.4641045546636865
META,Communication Services,1866471178240.0,0.8943822648300108,0.856514146088351,0.815142588689403,0.0705093810337333,0.27485460378459053,23.87,0.9830915348558075,0.1072784060522107,0.08510256102832775,0.08380900338421705,0.09044522839421304,0.7061112612591337,0.7770067055895237,0.6385875049551843,764.9399562782179,736.6699829101562,0.4455323871925707
MSFT,Technology,3036260335616.0,0.8818540661498006,0.8320513804903256,0.8197516442774068,0.06330681439099096,0.23687146802998849,12.42,0.9769555669723436,0.11207169324232927,0.06279477329932179,0.060988304318325234,0.09533461015812118,0.7592526153093779,0.6275612041779125,0.6413691459515286,276.0279245656226,408.42999267578125,0.42787899878086727
GOOGL,Communication Services,2266974388224.0,0.9428277355249458,0.8532631853204351,0.8791995733766729,0.0598116767586911,0.2727444286228962,8.04,1.0,0.08308667721254233,0.06813218895021443,0.0682943994417303,0.09000549106516807,0.4865995571541554,0.4910941413868796,0.46379227545713037,394.5195639147963,185.22999572753906,0.4112806877230212
GOOG,Communication Services,2266975961088.0,0.9415645803001734,0.8530649805433512,0.8772442164605501,0.0598116767586911,0.2727444286228962,8.04,1.0,0.08308667721254233,0.06813218895021443,0.0682943994417303,0.09000549106516807,0.4865995571541554,0.4910941413868796,0.46379227545713037,418.63427648869356,186.8699951171875,0.41100735036958286
HD,Consumer Cyclical,406782148608.0,0.9134565527487009,0.9648822999640543,0.8532466543081338,1.0,0.24826296556811744,14.74,0.0,0.03620165909661273,0.03233643049128933,0.03266360541400286,0.11015324827831421,0.15510080033813237,0.19031616920895786,0.1470715409011565,336.74295869516305,409.5,0.39417314171901247
AAPL,Technology,3674405863424.0,0.8454480599464067,0.38024306434804456,0.7503237766322152,0.32166179755971813,0.3718883151194908,6.31,0.8760212594737871,0.051295400883655744,0.04210517635553573,0.043019034927354434,0.10148878134030083,0.450398997902161,0.34888054529481893,0.4713954275138046,131.93552802702467,244.60000610351562,0.3653828348102947
JNJ,Healthcare,375949852672.0,0.918488849716779,0.8931596493289997,0.9266614185225628,0.027331864177188313,0.12249309475201153,5.79,0.9597479415682727,0.05442743243053479,0.0,0.0,0.09979579698694829,0.42752270295965983,0.623933180222472,0.1919641358699344,150.06314684439704,156.14999389648438,0.3623493818926793
PG,Consumer Defensive,381952589824.0,0.9251287931595271,0.7286290086709235,0.8792630589908327,0.05513632320087341,0.1722794969891403,6.29,0.9465576110825692,0.050093114018115704,0.04534566386592811,0.045621198293066906,0.09144983172027046,0.35342875924483136,0.41216503417662,0.3589398325489209,133.2725464815226,162.88999938964844,0.3592417923359448
AMZN,Consumer Cyclical,2423481958400.0,0.8294170856315208,0.8585378108708026,0.8328296807943321,0.03803210830646058,0.11316028753281065,5.53,0.9584567331517762,0.07447232059982498,0.11020102778682193,0.10517509124991768,0.14122377995300733,0.2004226726385168,0.37730863529601316,0.11336732416211874,179.7582898844337,228.67999267578125,0.3568594179708663
XOM,Energy,471178444800.0,1.0,0.8883248828547985,1.0,0.013328548466989474,0.10000171558956236,7.84,0.9938540297978168,0.0,0.014536972813906018,0.011987364190422225,0.05914417118379029,0.21088164465870532,0.15241607500171753,0.11897696683807962,208.68785521808533,108.23999786376953,0.32609852051788335
UNH,Healthcare,481777909760.0,0.8763428439835232,0.9229120399696413,0.9064349018512405,0.014877733186417715,0.1066067354046218,15.5,0.9397069320615233,0.11422263791120484,0.022494330228720084,0.021944044731815302,0.06921028533897451,0.04570296008808648,0.05443342287195078,0.05804357545704988,421.71586208981705,523.510009765625,0.3142181547120454
WMT,Consumer Defensive,835793911808.0,0.819266799264732,0.8527397345351186,0.8216308184565377,0.033869777503715004,0.10473674278165693,2.42,0.9466712737952889,0.0721903500328231,0.09148599131579475,0.09081979538987048,0.10758272766434344,0.0,0.08320244327407188,0.0,65.97500910231282,104.04000091552734,0.3137780193397239
TSLA,Consumer Cyclical,1144566448128.0,0.0,1.0,0.0,0.00297959018630652,0.057369314965087743,2.03,0.9910579270649105,0.044383247373320035,0.005358198423947844,0.003469702566725786,0.0,0.11276639308303073,0.0,0.03404419508303539,74.7990511527685,355.8399963378906,0.15090998853128731
BRK.A,Unknown,,,,,,,,,,,0.040939184325723785,,,,,,,0.0
BRK.B,Unknown,,,,,,,,,,,0.040939184325723785,,,,,,,0.0
JPM,Financial Services,773788205056.0,0.9987711824344165,0.867354514690373,,0.020584191745094665,0.011014083274717354,19.75,,0.1305948276770753,0.07900774055950742,0.08581605634118586,,,,0.6169370658669717,-1178.2508513599237,276.5899963378906,0.0
BAC,Financial Services,357405982720.0,0.9949025388862689,0.0,,0.0,0.0,3.21,,0.04506565667156001,0.03748621354151291,0.04138326249319142,,,,0.39857824765394856,-265.07284942324094,46.959999084472656,0.0
CRM,Technology,312498782208.0,0.7392293636662837,0.9330877796768385,0.27084375411346584,0.39988602607023294,0.3575913242009132,6.07,1.0,0.6851402592299705,1.0,1.0,0.6056947792327156,0.29881885086272586,0.7863239754458934,0.616106645615426,165.10297680981108,326.5400085449219,0.8296035972276112
ADBE,Technology,200307654656.0,0.8350491055800733,0.8327721969182743,0.5081479531393971,0.7721917515492558,1.0,12.38,0.9808259395306961,0.5880968754054193,0.3059936504731022,0.3010274494986176,0.22393820887622845,0.6346964303103907,1.0,0.8623763506115831,321.3387596740084,460.1600036621094,0.7268531688227724
AVGO,Technology,1092342317056.0,0.0,0.9714592234498032,1.0,0.4465987605954841,0.5341894977168951,1.28,0.8741567425500885,1.0,0.2912021440420278,0.2844799026769276,0.4096244788668571,0.8883360531408121,0.7555716756104223,0.7910724425379336,61.56886823157873,233.0399932861328,0.6985671642937141
NFLX,Communication Services,452823547904.0,0.7411373920418993,0.9227245194252911,0.0,0.8024218249163048,0.7964611301369864,19.8,0.9550106715123912,0.6483049934242819,0.3207914823374769,0.3160446753359745,1.0,0.3452922310616699,0.240416341852117,0.6403829927081967,265.7242067941346,1058.5999755859375,0.694823532944083
KO,Consumer Defensive,296278753280.0,0.8879191039769191,0.9042280841541606,0.5623798867974201,0.8182919011325593,0.578824200913242,2.46,0.8717382130264375,0.5711532274311051,0.30825934641717856,0.3029321238973539,0.4028422879363013,0.46463433771522644,0.5056290623616364,0.6821118950295783,35.888111192074874,68.87000274658203,0.6719153850609798
VZ,Communication Services,172555616256.0,0.9922043379149317,0.9308240737118539,0.9456890877978149,0.5179856115107915,0.35856164383561645,4.14,0.8701004413318116,0.4615997752137939,0.31817880110973545,0.3125211129154017,0.26204623901137375,0.5623512564371141,0.4869302601982814,0.6253832133022055,102.3022457722148,40.9900016784668,0.6344399613390566
PEP,Consumer Defensive,196659396608.0,0.9303610504111448,0.8888520492460705,0.7752007371330788,1.0,0.5877853310502283,6.95,0.7903140968815614,0.45925550884408334,0.30678139580072494,0.3013303968095538,0.11779316863201995,0.13076905284953022,0.3965288420827599,0.4658102713539011,117.31753465508837,143.38999938964844,0.6273871652879903
CMCSA,Communication Services,133810290688.0,1.0,0.9238811222402601,0.9691720415953666,0.5213761806396467,0.3833904223744293,4.14,0.9121530458654064,0.47610099775862175,0.3066982732878824,0.3027468334597657,0.0,0.4266055208312495,0.6649051331786195,0.5376644852230473,94.37644843063708,35.38999938964844,0.6118192383391144
DIS,Communication Services,199543848960.0,0.842725538224133,0.9300243739350126,0.7814663683032776,0.3389985041669635,0.313013698630137,3.08,0.9812488139153402,0.5043777314700175,0.34032857782543574,0.3346550389912431,0.6532499803894692,0.1541916049743588,0.07574983999930429,0.5555258390425988,99.48624791213659,110.37999725341797,0.6001035278952355
T,Communication Services,185699532800.0,0.9492023796485902,0.9424687491580295,0.9238120310648941,0.40055559512785816,0.30570776255707766,1.49,0.9128679462082986,0.4531258255366723,0.29897853448190165,0.2937251314068516,0.0748238256173092,0.5555859717189655,0.4827061746730404,0.5775380708624684,66.34371749442256,25.8700008392334,0.5866567030068981
ACN,Technology,242686246912.0,0.8615135865169667,0.8938846137843116,0.5656706594708438,0.6370966593062184,0.7244863013698629,11.91,0.9945806221279421,0.4976175471553846,0.30794525913694765,0.30249458298061616,0.12512564317344024,0.08315800170068735,0.0,0.5537019684060952,239.90767806704145,388.0,0.5821370071694004
CSCO,Technology,258361655296.0,0.8852921084708282,0.947507163383383,0.6404896669738055,0.5400669563359214,0.44611872146118725,2.28,0.9589586544968964,0.39260612419869056,0.2985275956635713,0.2933820314298485,0.035422729089647824,0.33264121427441057,0.5777734166753209,0.6429301381132329,33.076129759975714,64.87000274658203,0.5733164896667267
TMO,Healthcare,203432607744.0,0.8639473413445474,1.0,0.5745689087797815,0.4419830472255859,0.3526255878995434,16.54,0.9634698922970137,0.39779494038090757,0.30314773824732055,0.298287406563625,0.14711894545595774,0.2891237162795564,0.17277880046101693,0.606641385932882,289.9280591726289,531.8499755859375,0.5407392605953565
NKE,Consumer Cyclical,108035653632.0,0.9193443376628486,0.0,0.7002500987231802,0.7488282641213762,0.632134703196347,3.24,0.9435506023793616,0.39979840647508863,0.3044645735877334,0.2999163814802272,0.1925083131237264,0.0,0.21689261646894778,0.46777564919496084,101.74219746771382,73.04000091552734,0.5189525305886482
INTC,Technology,102187999232.0,,,0.6520731867842571,0.0,0.0,-4.38,0.9761968514922353,0.42826313721496384,0.0,0.0,0.13453011214038124,0.009262011020359532,0.03297926632761765,0.0,15.945363649944367,23.600000381469727,0.0
PFE,Healthcare,144678256640.0,0.9449147361093941,0.936461775926473,0.9003027510859549,0.3810242809316904,,1.41,0.9544196872289337,0.0,0.28660145958826333,0.28121532075472516,,0.5717215001685375,0.7376857434343158,0.5471769139737768,5.516467728381062,25.530000686645508,0.0
ABBV,Healthcare,340828291072.0,0.5841813826051843,0.9495094915982452,0.7306041858628406,0.9964100007123015,,2.39,0.0,0.41728481510208215,0.28927052766488326,0.28379250343103685,,0.8433455787066596,0.67052532330462,0.7843901578783303,179.92989737748138,192.8699951171875,0.0
MRK,Healthcare,209985421312.0,0.9782858336929917,0.9245832647424467,0.9068842964328024,0.8487784030201582,,6.74,0.943879023264157,0.5563349643774884,0.3098943976784307,0.3043647661966679,,0.7323854867685959,0.8553223976018525,0.81743999882266,72.27119280531141,83.01000213623047,0.0
ABT,Healthcare,226537832448.0,0.9507403921792195,0.9310378399653633,0.5299197051467686,0.7391267184272384,,7.64,0.9854584937526375,0.4056366122292254,0.3289197592772686,0.32377471543322944,,0.2680449389193344,0.4110566860920318,0.5793304954535151,61.241915077749276,130.61000061035156,0.0
MCD,Consumer Cyclical,221113106432.0,0.8931427977553721,0.9238824347823553,0.6141898117678031,,0.8300228310502284,11.39,,0.6006191129164192,0.3137342209283112,0.3090558405093323,0.16708657510451178,1.0,0.4294904346342105,1.0,174.82086609716816,308.54998779296875,0.0
NEE,Utilities,139688378368.0,0.9070154261704914,0.5238657160083102,0.7024480476314343,0.2957300239954349,0.12483004386824459,3.37,0.8819032398490098,0.5020500295374448,0.5833445807788268,0.5848067932156372,1.0,1.0,0.6408421874489294,0.35735913330077546,48.294907176807754,68.05999755859375,0.7072577805309089
QCOM,Technology,190486380544.0,0.9353661236103457,0.5097562840713417,0.7754559380328911,0.49385993205478357,0.98504418756392,9.27,0.9624571886324017,0.44552181346472014,0.5360974033547432,0.5485836204923557,0.10962091682249854,0.5441666153817363,0.5858305598867896,0.6629742261507686,187.53228137379907,172.22999572753906,0.7038006264006441
IBM,Technology,241591238656.0,0.5485686156292147,0.5506125750866944,0.6104222665394952,0.3845411968181687,0.26444595200733323,6.43,0.8044810059652658,0.3208355282079517,1.0,1.0,0.11744362788592631,0.356644718395307,0.5947422271836064,0.4515176465192856,169.95132625316697,261.2799987792969,0.6719059633859412
AMGN,Healthcare,156508110848.0,0.586663453531503,0.7362615536168675,0.836527067256279,0.6500164750188167,0.4794357557759847,7.57,0.0,0.6131579772802859,0.36365503604024507,0.3749097062650025,0.17030978002144048,0.874432945075144,0.7578162726044136,1.0,136.0255151813424,291.1600036621094,0.6371032358558041
ORCL,Technology,487118569472.0,0.5144161058674839,0.3744132208638883,0.4681638197635769,1.0,0.5492861979490407,4.09,0.32139385663086717,0.399794840670219,0.5189669395825136,0.5248965445194316,0.11979879375498405,0.745059696202629,0.7923540545104376,0.6666420993015361,82.18353986598433,174.16000366210938,0.6182891849380964
UNP,Industrials,150600155136.0,0.8670882699392709,0.0,0.7808607185178762,0.49769899656619176,0.6815941947722391,11.09,0.8253296201988157,0.28158016372439243,0.45428429215195454,0.4674161099028653,0.107542275339481,0.9412607108849979,0.5810163663243212,0.9337321911527109,215.39386993253711,249.22000122070312,0.6050784950392871
LIN,Basic Materials,217604210688.0,0.652182596478148,0.48448021914589356,0.6793259920806959,0.33976635831796925,0.5040788558127076,13.16,0.9619324201566752,0.26126966829231724,0.5641350139963621,0.5814812402706986,0.06838745908535475,0.7031741240031694,0.47853895391874207,0.6014081629673951,295.0166483861371,457.0,0.5847879433741879
HON,Industrials,131837575168.0,0.8534325974865642,0.392582260932688,0.7272464522096014,0.4345161611127325,0.5109619285815854,8.72,0.8550446351368274,0.38200581634988207,0.4733368510966411,0.496729852628608,0.10253589478277425,0.3907016927886739,0.3436603960758751,0.3617901456162873,89.69615052543199,202.75,0.5630330247901704
MDT,Healthcare,119009337344.0,0.7634447556523651,0.2964808302307844,0.7730281222000636,0.2902918578910396,0.29673691067614255,3.27,0.9585661496504525,0.345828200971908,0.471710270604009,0.48827221010737354,0.12043618610248154,0.4790166195947556,0.7129875434229104,0.4060754060070949,71.64423058259811,92.80999755859375,0.5410866802998776
TXN,Technology,166963085312.0,0.6439111994760306,0.698750743410122,0.4842625509407785,0.41102401595468824,0.7482154985903107,5.2,0.9364125713854087,0.0,0.34782359352192244,0.35953238326008063,0.0,0.8096094106162399,0.6148915204647244,0.758978959627228,119.34852879461425,183.02999877929688,0.5241759305826348
UPS,Industrials,99178659840.0,0.9592438380603728,0.6306380862489269,0.9198242723778144,0.4449530699692761,0.520564239975205,6.75,0.8640829770274648,0.15890124664884225,0.33782357652005773,0.35078529527179936,0.06122889380586399,0.1707322970618926,0.11921890574921948,0.13952687931912064,197.86839990194136,116.22000122070312,0.49525568683399346
DHR,Healthcare,148350337024.0,0.5759722262217857,0.7105102719437741,0.5631954680771121,0.283901551908565,0.2309653519330615,5.28,0.9842519763297614,0.14444512917315547,0.34622029025655765,0.3582555787102093,0.07279210458793216,0.5296295664168398,0.6332828217146039,0.4495729352514291,149.81539751629768,206.3000030517578,0.46391515284898965
COST,Consumer Defensive,475793129472.0,0.1580491403437041,0.0904247849216715,0.055088297349634385,0.4204843620132122,0.5978925458781974,17.04,0.9833087845050181,0.36026938337713493,0.4848903183118085,0.49756554293551103,0.0544343217422721,0.0,0.0,0.0,390.56131619251755,1071.8499755859375,0.38214032669148806
WFC,Financial Services,263049428992.0,1.0,0.5390174722123575,,0.30384760688770407,0.0,5.37,,0.3353885968827832,0.5175742518654363,0.5906385150597372,,,,0.6002265170144881,-292.95022613937255,79.9800033569336,0.0
LLY,Healthcare,759265492992.0,0.0,0.4319705397741743,0.0,0.751010092052222,,11.74,0.7996090077303962,1.0,0.5877072271149185,0.6212037358583962,,0.7649642917664092,0.9281927464626734,0.9466066720778874,32.209568967414725,844.27001953125,0.0
BMY,Healthcare,109379813376.0,,,0.9901731263909361,0.0,0.46838884886297105,-4.41,0.7054975461110482,0.36657658413089506,0.0,0.0,0.14526272264735177,0.7351488429245784,0.8463920249475838,0.4708909094028685,107.39516235253934,53.900001525878906,0.0
PM,Consumer Defensive,233944252416.0,0.8214171932381615,0.3739572715000695,0.6705974161102921,,1.0,6.0,,0.37119876645645683,0.4213750678345536,0.49583251836568776,0.11307490090247954,0.7124639991839308,0.7050765116672589,0.5460700006944342,106.07204091870885,150.4600067138672,0.0
SBUX,Consumer Cyclical,127848923136.0,0.6244729009135268,1.0,0.5385704789155756,,0.7428619975478501,3.1,,0.28080268214839754,0.41144088172177723,0.42598784353667185,0.06309521822363359,0.27234901001711664,0.18178989904568482,0.1946680595722664,69.77532257315771,112.55000305175781,0.0
CVX,Energy,272621699072.0,0.9809255905731791,0.6289011089273941,1.0,0.3056359090542829,,9.72,1.0,0.07509464487300457,0.33725719063218124,0.3551047617930488,,0.33087894636386406,0.36758261071634346,0.1790857528310873,336.1038558321109,155.33999633789062,0.0
MS,Financial Services,223292653568.0,0.95468036068816,0.48174370176132697,,0.3184043080334018,,7.95,0.6130667350455893,0.5567500651892696,0.4757967078757841,0.5165048011652112,,,1.0,0.8263053560523859,-1084.712351286713,138.9499969482422,0.0
ZTS,Healthcare,70536200192.0,0.949078796717454,0.12243787353638158,0.6748427466373237,0.9210987726475744,0.9720721175698195,5.47,0.7389393764254091,0.45313536775006275,0.1824609453567992,0.19838541339102952,0.6889050842602781,0.6511102948723413,0.8398599246696478,0.8290061120462136,106.56196739669008,157.52000427246094,0.6759593951744243
CAT,Industrials,170583605248.0,1.0,0.3800605353533507,0.7282349849726553,1.0,0.6950659057623352,22.05,0.6401097943374452,0.46447286372605157,0.2872301157620304,0.334262278179237,0.5946873200268913,0.43737092386060195,0.40530644438009006,0.6181206849293319,376.021530029264,353.32000732421875,0.6655791452304743
SPGI,Financial Services,166116589568.0,0.8898112315058282,0.3309423148601568,0.6233720376422671,0.16472163043683188,0.5238624210898438,12.36,0.9427139237347689,0.5371354766863436,0.2600007364245673,0.28472691050158344,0.6823320925406953,0.743474220289358,0.8222934971856074,0.9125748721564657,284.1260762494731,539.6900024414062,0.6179539553375814
SYK,Healthcare,146976604160.0,0.8654912658418109,1.0,0.6226329878960075,0.24460323146245358,0.5991111560022221,7.74,0.8760630363345131,0.48287490641966224,0.16052773047119612,0.1696584158862891,0.5863650552642105,0.4733724245904837,0.7684305385510733,0.7252514281132655,156.74073201350734,385.17999267578125,0.606172913867953
AMD,Technology,183276290048.0,0.6130073494323756,0.30054551017058617,0.5487444365977434,0.0114439773005788,0.31715569415686073,1.0,0.9942222197758244,0.5371227777983253,0.3467749906497489,0.36331934529220256,1.0,0.39340033610536285,0.6389177231581807,0.5569838508880184,29.146122815019137,113.0999984741211,0.5661025243992112
ISRG,Healthcare,212407074816.0,0.6946482330175312,0.14661207865680193,0.23021399595986147,0.25140928715521954,0.6588051108529872,6.43,1.0,0.5927280017895014,0.2265829202937044,0.23910041291932516,0.7138950858271152,0.5603560655817734,0.8036205187771674,0.804540043816248,124.91742143470746,595.5499877929688,0.565316424653407
AMT,Real Estate,88495194112.0,0.8819598860531661,0.0,0.674202236857232,0.29043570068437624,0.4460380788849048,4.15,0.19552345881519717,0.3893201867551601,0.19001873766718863,0.19991491561511693,0.9171984992001218,0.9041772345285385,0.8423694664555995,1.0,77.65361313959285,189.3800048828125,0.5538517817053586
RTX,Industrials,163064823808.0,0.9264172203640467,0.3525120299609057,0.7068518123142111,0.11008465149601251,0.3856370890359072,3.55,0.8735126665308915,0.591319457118574,0.26521853364113884,0.30312217559392424,0.6355338345477614,0.34421678615217827,0.2518507542725874,0.5070911963447171,28.323597540839476,122.41000366210938,0.5447706376371654
MDLZ,Consumer Defensive,78672494592.0,0.9929836415499961,0.6376292540549517,0.7348125277143656,0.27197828095247073,0.5117923337205191,3.42,0.875408013298619,0.34098869968998435,0.1575063935114714,0.17099960650382762,0.5577951574425326,0.4087935546847243,0.4804202271317368,0.6048423491444035,41.3927295732352,60.81999969482422,0.542288023245864
NOW,Technology,203726274560.0,0.4863187864967714,0.9645033153126107,0.0,0.2686223864557606,0.4545730165143174,6.81,0.9581225608648506,0.6742783696602205,0.1371617418304598,0.1432425079756604,0.6425011459067611,0.36786879473885536,0.9373196300348824,0.5564329270859462,347.9933029546988,986.6300048828125,0.5368250115886123
GILD,Healthcare,129711775744.0,0.0,0.6203879712452066,0.7476966282908243,0.0,0.7875864855310337,0.39,0.737124760788156,0.407137731096684,0.0,0.0,0.5953376706945064,0.7239777252998884,0.9268368372057479,0.8332438505343062,92.80454536193872,104.08000183105469,0.46986900194134396
DE,Industrials,130788401152.0,0.979057722300086,0.4420286161595013,0.6817816025883164,0.4799871797288889,0.47159234382101906,22.57,0.4781044330564622,0.0,0.0967825862704839,0.11118213140884742,0.5261726804777727,0.4065643367401163,0.36014692032332923,0.5210617006971578,346.47398187572156,480.2200012207031,0.4354932328793533
BA,Industrials,138328637440.0,,,1.0,,0.0,-18.37,,0.09522591976467665,1.0,1.0,0.0,0.0,0.0,0.0,-525.5550677328179,184.4199981689453,0.0
BLK,Financial Services,150839754752.0,0.971392915945633,0.3224090556953283,0.6816337926390645,0.24624347203107028,,41.98,0.94198367396366,0.5447629403488305,0.214796678071647,0.23041705939647977,,0.6319120103935569,0.5979102745640773,0.9096649107433092,-8.497765465592657,973.9199829101562,0.0
GS,Financial Services,206117355520.0,0.9989548819434299,0.36123451850365695,,0.1818781697177655,0.2646330968132922,40.56,0.0,0.4813336356264594,0.2092689970999641,0.2535893743455772,,,0.9842471739830868,0.9113458915501249,-5667.352960568314,660.5499877929688,0.0
AXP,Financial Services,218515554304.0,0.9753095314020491,0.3292506582152669,,0.6117720254143021,0.4132114388162214,14.0,0.6651437839781733,0.3289393732781285,0.20784287086489778,0.23308913242913865,,,0.7734495993093756,0.6181630767226197,43.955391493126626,311.0400085449219,0.0
PLD,Real Estate,111928246272.0,0.9437366060438716,0.7964838058603116,0.6369623413095962,0.08474576271186439,0.33680116660774706,4.01,0.9049629462459107,1.0,0.191368782492468,0.17075013877608256,,1.0,0.9005212909070445,0.9826533798930173,74.33983621920497,120.8499984741211,0.0
LOW,Consumer Cyclical,142173208576.0,0.9803010558384836,0.30929166170660005,0.7169767938379674,,0.9676278975809302,12.01,,0.10706021692054805,0.18272910632618783,0.21921482019339641,0.5915530855838577,0.32943883962679227,0.41299462806643933,0.5433947314162769,178.4918407391298,251.7899932861328,0.0
INTU,Technology,164417650688.0,0.8360978975429508,0.20220100228513915,,0.2702249203446391,0.612696328468259,10.28,,0.5649419074291662,0.21372815546909363,0.2273764825550049,0.5924789773696026,0.47809585915796654,0.942213147544443,0.5837382707798469,288.95083657689526,587.3800048828125,0.0
BKNG,Consumer Cyclical,166952992768.0,0.9278196102459026,0.36884985485220545,0.6442050288229402,,1.0,147.8,,0.8694167625823437,0.2943455318372289,0.37332880831370224,0.6369963989305741,0.5281536933132016,1.0,0.9396541733724618,3478.5927902488397,5044.39990234375,0.0
DUK,Utilities,86601596928.0,0.7927684795400551,0.180881991259777,0.7660008591065293,0.09953875370364249,0.13390021504339783,5.7,0.5624380741007217,0.40668638392764733,0.9114999550335547,0.8748222153199062,0.09441625196851158,0.7257374593310394,0.4613070980036505,0.4646788971006554,83.22247263460784,111.5999984741211,0.6116169880330338
SO,Utilities,93768294400.0,0.7863750744981887,0.1661477164493964,0.78125,0.13909316994245202,0.17045399014879403,4.29,0.5317472173358982,0.2958559018319475,0.7639392820087669,0.728445536610575,0.49721438326449463,0.8013928280335407,0.46021651034910277,0.5795922723760614,38.47584095140896,85.58000183105469,0.6062615270838044
MMC,Financial Services,112385507328.0,0.6470192573100753,0.05597889085601215,0.46375644329896915,0.34656891980674676,0.37912329571961284,8.17,0.5769527427266603,0.42157717655289095,0.6666588130734241,0.6430232276399788,0.8474304968111016,0.4424407239967738,0.39790374128964867,0.39229647429980025,82.18146956401657,228.8300018310547,0.6008212052565388
TGT,Consumer Defensive,58596151296.0,0.8965710742947391,0.18249921455080875,1.0,0.3529002372575133,0.32556318723243016,9.42,0.6516906342126684,0.3562566118154871,0.8540852637232186,0.8243505916180833,0.0,0.0608774741510166,0.21258423354647624,0.03839324471090843,272.8451885617146,127.87999725341797,0.5875531149612101
BDX,Healthcare,64547950592.0,0.47584056270595587,0.11403120968514391,0.6381550687285223,0.07514903940017412,0.18110736453156653,5.93,0.8424909988323633,0.4141087836456107,0.6982688466853436,0.6857094971891229,1.0,0.38976929848338226,0.4178327956927527,0.22670123734425832,146.73092555032878,224.8000030517578,0.5874205733283931
LMT,Industrials,99612999680.0,0.80317397222766,0.2334415274834548,0.6865871993127148,0.8824463636203037,0.4062942872646656,22.3,0.03833079786471871,0.4038888870168263,0.5483871498301868,0.5411056828922427,0.808617568788532,0.12226868249424912,0.0,0.022623957553232057,364.2026004303496,423.19000244140625,0.5807604677457548
CI,Healthcare,80033996800.0,0.7146174315576741,0.2154088854207986,0.9919458762886598,0.09463253313404585,0.1922005571228021,12.13,0.8330432025559963,0.6372118499631576,0.4495725572567531,0.4523649936624581,0.7586859311715645,0.0,0.007232318130158775,0.017012365007436487,446.8687730653701,292.32000732421875,0.5320464820212467
GE,Industrials,223534104576.0,0.5390187579089474,0.2442006538328788,0.06405713058419271,0.30152083464588036,0.16024043397448468,6.08,0.7518452012572672,0.4354818881905944,0.5216340022508829,0.5107161390199472,0.8495220962498371,0.3260976531146873,0.2423170969704623,0.45739806887093676,-11.521812866726062,208.27000427246094,0.507968165302983
GM,Consumer Cyclical,48128245760.0,1.0,0.2164548481639912,0.986522766323024,0.09768938893053637,0.1409373014919382,6.37,0.46072869063116395,0.43250139868884707,0.5250206341840095,0.5635863057890831,0.4188529382808316,0.08895276551028301,0.028389723220333143,0.0,176.50757884407568,48.369998931884766,0.4990559817966717
MU,Technology,110882193408.0,0.6382498602313638,0.199390192877827,0.9334729381443299,0.09496975628958634,0.2058349215851577,3.49,0.975287564822126,1.0,0.0,0.0,0.579288712119443,0.6761594904942825,0.24157090541735063,0.39888476807983236,126.060063680877,99.5199966430664,0.4942935147403799
MMM,Industrials,80685793280.0,0.7768552858841066,0.19764434716962098,0.5941795532646048,1.0,0.2901334115405822,7.25,0.0,0.36553966863748255,0.03527094278131564,0.029414332298770798,0.6667171894294311,0.31085989080666154,0.36113375196592773,0.26939196038252594,-1.3800296801447383,148.6199951171875,0.43278241671785905
ADI,Technology,106477887488.0,0.0,0.24645796785763874,0.0,0.051085684929898574,0.1302839271091657,3.28,1.0,0.19669799089232748,0.4423680459229314,0.42693904494786605,0.7993179221558802,0.7072776664939584,0.5419187454798011,0.3666714033124886,124.06013931166947,214.61000061035156,0.4084795438768867
FIS,Technology,36538155008.0,0.29138031830858535,0.21009788728694767,0.5139604810996563,0.050248033137623216,0.13179884672013392,1.42,0.8452713764393485,0.3892004660935046,0.20889581392531098,0.19508268017511712,0.854805786091303,0.39483231711064604,0.3178316821453581,0.12366813623442935,45.37484419878704,68.9800033569336,0.38797738115610014
MO,Consumer Defensive,90094739456.0,0.9904055128478935,0.18904976139109997,0.9575279209621993,,1.0,6.54,,0.3580070288980751,1.0,1.0,,1.0,0.6917310496045184,1.0,81.49645095150342,53.290000915527344,0.0
SCHW,Financial Services,145646780416.0,0.6667127817421744,0.2685162102063019,,0.1474152515893918,,2.99,0.6296335815958514,0.32613640478483863,0.5451561770372476,0.5576933525105235,,,1.0,0.7383683766544105,-40.222956428283744,80.33999633789062,0.0
CB,Financial Services,105994215424.0,0.928110860452482,0.1861351362580358,0.9329359965635738,0.1595883625150365,0.1570639691355846,22.51,0.9934087978220375,0.5971376169965861,0.9287113284239727,0.9051189709285844,,0.3086466705731169,0.2282542561618202,0.35344152338144347,193.7255855066121,264.5199890136719,0.0
USB,Financial Services,74490003456.0,0.9134536043711365,0.0,,0.12073016927334394,0.046474128938902556,3.79,,0.39398972760566353,0.6412681310032657,0.6216108031279436,,,,0.5772126730053759,-284.70804860040204,47.75,0.0
PNC,Financial Services,76776144896.0,0.8874561513072063,1.0,,0.12343893315267015,0.05228950302858111,13.75,,0.3546026076124685,0.6034111306106466,0.6089169762096491,,,,0.5807821075778127,-794.6727438959223,193.91000366210938,0.0
C,Financial Services,158821433344.0,0.8854224346352044,0.2314632739423469,,0.06798007342069791,0.02668230467119478,5.95,,0.328555927023722,0.5487226104092584,0.5561082318099213,,,,0.35106194176896227,-1932.383783598962,84.61000061035156,0.0
TFC,Financial Services,61599150080.0,,,,0.0,0.0,-0.3,,0.0,0.23001844476803668,0.21667890556394914,,,,0.6153750184412292,-234.78077937690657,46.810001373291016,0.0
NOC,Industrials,63533408256.0,1.0,0.6430005452719465,0.7079215447772541,0.0971682901930104,0.33205782694003727,28.35,0.9274660272911793,0.32436128298793054,1.0,1.0,0.2045336810671182,0.23134070576797916,0.0685641421585831,0.3486415688048866,351.6555496765642,438.8999938964844,0.6789045616732736
CL,Consumer Defensive,69824561152.0,0.534349085415291,0.6087292384930542,0.4746845066139578,1.0,0.9319021994694571,3.51,0.0,0.2903348067363788,0.7160402638742802,0.7032284514807824,0.15149218378083382,0.3619344199236225,0.539072553286072,0.45480533903708126,78.89940729084499,86.04000091552734,0.6619916086928683
NSC,Industrials,57964838912.0,0.6574471153442106,0.6271722556851886,0.6602807764431606,0.07716123000009541,0.31616837257710134,11.57,0.923875961326687,0.182147648953748,0.7811216636681394,0.7661145989643163,0.10486702622381631,0.8114719897420039,0.4141690648323623,0.7989840199082738,216.79888631320142,255.99000549316406,0.6122443132063029
TJX,Consumer Cyclical,139778048000.0,0.2862114513845695,0.6189622176078082,0.2555876539455679,0.18576893372005382,0.6759841406578359,4.24,0.9048333935851409,0.582656702487064,0.7658760436842545,0.7607274025176398,0.1661492208075669,0.16601589021349106,0.25846374675370254,0.2719494889249943,84.3725940278244,124.33999633789062,0.5921032836307916
CSX,Industrials,64351371264.0,0.8370217674197593,0.7495532372396352,0.6920075008869293,0.09816530392222339,0.3782346536320818,1.79,0.9097263112473537,0.12668928190437095,0.5608103973282572,0.5780980986155998,0.11883010198214042,0.7804443274034804,0.3933576893381063,0.7281122719700553,40.02287848671247,33.369998931884766,0.5722313030725343
APD,Basic Materials,70329114624.0,0.8555346000768133,0.637259972870309,0.2811312148395926,0.08440269813858967,0.18269666408072296,17.29,0.9527255541935579,0.054817204867247324,0.8692942976590453,0.8489338376330744,0.24017852951608124,0.5682745323579393,0.21088646732645464,0.48668323632848653,223.4719189014281,316.1199951171875,0.5695271427307036
AON,Financial Services,83692773376.0,0.20197733580674315,0.1883021482428322,0.24565404693122506,0.25910430957991853,0.2818600780613518,12.5,0.8279548695767754,0.9695906026566472,0.6313072149336064,0.6181260311905313,0.156429486269932,0.4852283012621485,0.37908565545962886,0.6125290500380479,147.1219976515432,386.989990234375,0.5687075410035319
ADP,Technology,125377298432.0,0.1397569394764766,0.5641354942434658,0.17961583295322103,0.23066319301994984,0.22368505449529733,9.58,0.9493698602693159,0.6653949853254151,0.6781876941611195,0.6672952047391981,0.15841144157425907,0.45414361892230337,0.3943871224351326,0.5570409065668512,75.44522350725892,308.1499938964844,0.5513353882863438
HUM,Healthcare,30622558208.0,0.4868604095459844,0.6697317622283485,1.0,0.0486604715063971,0.13347170201087358,9.98,0.9573815313548052,1.0,0.4130530819500592,0.4111297375064494,0.05631704559268602,0.0,0.0,0.0,384.150876130259,253.8300018310547,0.5178687951391588
EMR,Industrials,69551431680.0,0.0068526632543591814,0.6673974555254576,0.41579240788606775,0.04935933519696984,0.15824633039436628,3.55,0.9846245520443984,0.6654399493801231,0.31170230340987953,0.3047632010036503,1.0,0.41045717661400083,0.44367235207412087,0.4233592949838554,84.7435660574282,123.33999633789062,0.513355455547271
ICE,Financial Services,95785730048.0,0.0,0.5398871968255549,0.241700876792864,0.05596634005323767,0.0,4.78,0.9566784152340542,0.0,0.6818946721062593,0.6579576324517635,0.14098654733472446,1.0,1.0,1.0,-39.08191964506348,166.7100067138672,0.48103410107367583
CCI,Real Estate,38227243008.0,0.1900005913868804,0.7003532718381615,0.4241042015103137,0.07994475876084073,0.11265323156296474,2.82,0.6453989557922962,0.02040858919835497,0.524200097881345,0.5109537148343373,0.1329409975933779,0.9973984619960073,0.6742238132004399,0.7800218003825349,65.321805211638,87.95999908447266,0.4508970558262163
ITW,Industrials,76219875328.0,0.6627210798281028,0.6005244566992124,0.3810754650043079,0.29384477593428293,1.0,11.72,0.8525067855521516,0.18390180122437663,0.6769902866432275,0.6790202549942692,,0.45237005036518213,0.3481902622774385,0.5636221541245913,189.73056956481284,258.1099853515625,0.0
FDX,Industrials,64492670976.0,0.9166027458397068,0.0,,0.06582914333145697,0.1760814686285561,15.66,,0.09780092412107078,0.6138774881057408,0.6116666369745515,0.16178493141199868,0.15764484797519687,0.14707189817739402,0.18147790140468503,421.5725787772002,267.7699890136719,0.0
EW,Healthcare,44936863744.0,0.11944973487357913,1.0,0.0,0.07176352408575272,,2.34,1.0,0.2223956346361213,0.5929312397042917,0.5928140868135516,,0.46341733557455145,0.7596687021829157,0.5149826213931679,24.929283855989734,76.19000244140625,0.0
ETN,Industrials,122183991296.0,0.11848681060311828,0.5707668324439986,0.09862652678526207,0.07916956627517578,0.3586484290985352,9.49,0.9706906526651311,0.4093989291288169,0.6877591379331912,0.6731798188219282,,0.32962245868111345,0.27701741887180925,0.4280895872323798,128.58161700334858,309.1700134277344,0.0
D,Utilities,46696157184.0,0.49540319154020795,0.6382856989198771,0.5481222441842786,0.04721981051968744,,2.2,0.9043261225939141,0.30326781119901214,0.7903828635740742,0.9724099712396325,,0.6839618944443192,0.3602629793406799,0.39937891532813696,54.47938457475873,55.59000015258789,0.0
WM,Industrials,91403083776.0,0.07404132809509933,0.5931991281755585,0.4341391718615377,0.11905727342982263,,6.81,0.8705874647559031,0.5530423083282459,0.7053657191759332,0.7019036223997244,,0.44789254943941165,0.29040029479890506,0.3527548896612715,163.08315922608884,227.72999572753906,0.0
SHW,Basic Materials,89876258816.0,0.055839502034716104,0.6086833638105159,0.11535147737063522,0.1956722854035282,0.5244179321043138,10.56,0.815895946519511,0.31986325670152643,0.7421861324991545,0.7393226945554916,,0.27123225785882066,0.3971479141807632,0.2858318079921025,194.40982909370166,356.8599853515625,0.0
EL,Consumer Defensive,24708825088.0,,,0.5900866656530334,0.0,0.14722095275671634,-1.94,0.8602031780848658,0.05098227085482918,0.0,0.0,0.0,0.2055459741093515,0.6859572775555087,0.2549822100651955,125.28430864290004,68.69000244140625,0.0
MCO,Financial Services,94268055552.0,0.5360577144380994,0.06825916519063524,0.2756076698267874,0.10216412120389409,0.5635411970703206,11.24,0.9755139158982236,0.9767017874245719,0.5872154820206487,0.567096298098795,0.3860182950336375,0.6141522157288031,0.8233285101612504,0.7298619527563992,,522.8400268554688,0.6523611901460631
KLAC,Technology,99763585024.0,0.7437352346394254,1.0,0.5152897569320692,0.14855001655886824,0.8175630562632055,23.72,0.9802699518269409,0.7243241851622791,0.39074941938734475,0.3865041791525172,0.00920632567867072,0.5227031216640663,0.6554690860740684,0.7832969888866248,391.34782527859005,750.739990234375,0.6505775641537002
HCA,Healthcare,78528225280.0,0.9851853147442722,0.06570481537960571,0.9898424691710029,1.0,0.5178486674623574,22.01,0.0,0.8575361981788038,0.4169928515249649,0.4436151218522189,0.1113362914782156,0.1938404823213194,0.4069714389999088,0.3944699437277615,513.3224399400389,316.2099914550781,0.6336628228234953
IDXX,Healthcare,36400205824.0,0.6038731403428729,0.05048455886561254,0.2674460047045405,0.10273286040113419,1.0,10.67,0.9945078578442349,0.8434055932096409,0.5192887526176229,0.5049173993719028,0.26721836901012924,0.3801663032633007,0.673132324377876,0.5803251250058781,192.69893027902066,444.5299987792969,0.622287761558608
KMB,Consumer Defensive,44004646912.0,0.9404038967385164,0.09416212885037412,0.8554422980967995,0.3305980735541416,0.5347929805253103,7.55,0.9007444859801285,0.6746929237880397,0.5675655484310488,0.5460438556677278,0.028303105818354213,0.19315695714384018,0.35346030007951723,0.3588256501089393,141.8669490427115,132.6699981689453,0.5991248007332797
AEP,Utilities,54296879104.0,0.9309473184465813,0.08487826081872785,0.8607527264951172,0.04858477216050517,0.11180390695659326,5.58,0.9801417180870348,0.7296046774106875,0.5322391331097565,0.5005681572058888,0.04954850251789281,0.4899065484587961,0.49433600563137925,0.5627223850651285,104.41044179808935,101.83000183105469,0.5618371106454001
ROP,Technology,61504413696.0,0.6271061233698041,0.1437528633808074,0.44072991660132577,0.04524608350584593,0.1752974940769357,14.34,0.9962382706665196,0.9902690768979124,0.17442992826201179,0.16606614100518022,1.0,0.49349354891286373,0.7808716254089919,0.5886483690455665,267.5287491812386,573.5800170898438,0.561558832652896
REGN,Healthcare,73641320448.0,0.9403827461140931,0.0280870158583173,0.8073633188395466,0.05392690927261514,0.3237506093985306,38.33,1.0,0.7716324153805342,0.45101826490472546,0.42757027792532154,0.00040747607064723723,0.3852583519774079,0.5291149739939777,0.5722212643227739,718.0564284899697,673.5999755859375,0.551738019185431
PSA,Real Estate,52099424256.0,0.7549037841470649,0.13975238401678547,0.6206073134221969,0.05768688291885453,0.30799620596078503,9.64,0.9891626398673004,0.8108000874101484,0.19209358991073977,0.1910754834162579,0.0353675497122809,0.9580773715784539,0.8347216247572121,0.8875652146652664,303.5042948569796,297.3999938964844,0.5238978590400594
FISV,Unknown,,,,,,,,,,,0.39258773368317484,,,,,,,0.0
BSX,Healthcare,156388098048.0,0.0,0.08986146033789533,0.0,0.04593184299618385,,1.25,0.9945896749311827,1.0,1.0,1.0,,0.2990459369118222,0.788732027166191,0.4622004012727871,22.29862603916643,106.11000061035156,0.0
COF,Financial Services,77069459456.0,0.9420034790681672,0.1382996195039653,,0.044607133537032766,0.022275106755990478,11.58,,0.500070080275829,0.26813600534192067,0.2718302071195598,,,,0.45741961220747057,-57.55542708917132,202.16000366210938,0.0
MET,Financial Services,56307638272.0,1.0,0.10769297653793419,0.8933993869841043,0.05320721404940979,0.0,6.14,0.985011877093159,0.7370179325457499,0.3381543069936236,0.7718290262482543,,0.02267461509090481,0.16228017415561902,0.22515165289903913,-568.2312675924431,81.69999694824219,0.0
ECL,Basic Materials,74964303872.0,0.6833843865727286,0.09442134192574514,0.5107990590918812,0.06485225159649724,0.3345073924104053,7.36,0.9883768987660225,0.7973677288814388,0.7431890956228583,0.7109411114525739,,0.24183787151831598,0.4443314692425013,0.38114644889258115,116.29352069584203,264.739990234375,0.0
ILMN,Healthcare,15878016000.0,,,0.4372015111554637,0.0,0.10142789502478496,-7.69,0.9875626887842637,0.6640819644269241,0.42864898452785993,0.40887987127597114,0.08364069059184534,0.14072312229731396,0.7686832740213524,0.0,77.5153697367028,100.23999786376953,0.0
VRTX,Healthcare,117866610688.0,,,0.4685294746596337,0.03157185226446912,0.5792956005080662,-2.07,0.9999196682459469,0.8041974196798324,0.0,0.0,0.04317590184386811,0.5439080535492813,1.0,0.855588867815101,-60.99442169717678,459.0,0.0
SPG,Real Estate,69770887168.0,0.8293149079449806,0.0,0.635540665763775,0.12291244161974986,0.25154689334094715,7.25,0.9160094996940833,0.814230058858,0.4476214382558487,0.43084212967341207,,1.0,0.9529675543910421,0.9807984701474992,139.52731307076382,185.0500030517578,0.0
MSCI,Financial Services,44465864704.0,0.6157054897647113,0.9271495891200779,0.2661629481787725,,0.8081866636093413,14.03,,0.8164603463335927,0.3973359851059162,0.3840400628055406,0.09644451361819616,0.7594617848857509,0.9462672558757969,1.0,292.24546042352523,572.6300048828125,0.0
MPC,Energy,49314959360.0,0.9696018727439014,0.1257036353342902,1.0,0.05602514490472507,,10.08,0.9870880011466769,0.4859707365027936,0.1374733289701266,0.1733944202959066,,0.0,0.0,0.19193692493377432,692.3623957335893,156.05999755859375,0.0
MAR,Consumer Cyclical,78165049344.0,0.710973909279831,0.20745237011308648,0.536388908689144,,0.42022843421395945,8.34,,0.0,0.3276575345467795,0.33083216436707324,0.0,0.8543340674506874,0.9446769126484429,0.9092433813502202,87.27090797065405,283.5199890136719,0.0
LRCX,Technology,106222870528.0,0.5592575170720957,1.0,0.3826647266680523,1.0,1.0,3.29,0.8296996589046557,0.49368728981239524,0.8471111253302029,0.9491958968306202,0.02588493731526646,0.8237991653102711,0.6073872964812802,0.7607275485062526,62.232617440951095,82.75,0.8525221034868442
MNST,Consumer Defensive,47896608768.0,0.36308962747459694,0.06823556131813291,0.29910621492413225,0.7950360715183558,0.9346349745331071,1.56,0.9868840718810449,0.8302511373530049,0.8786525285552771,0.9602469221016119,0.06211750045722326,0.7259343885457458,0.6908992468353271,0.6413915726265158,32.70510045630355,49.25,0.7902414191441333
BIIB,Healthcare,20101679104.0,0.95255162032592,0.08456397275329364,0.8895863645811681,0.6947900081513252,0.32741282486613554,11.18,0.8901813268756553,0.5677336981798298,0.8833252254618841,0.9603458746417131,0.08755090005739143,0.7956431210081248,1.0,0.5450963683986921,302.9924037724945,137.3300018310547,0.7883682904769536
TRV,Financial Services,54029045760.0,0.9887480359262107,0.08931538878823464,0.9043026397838287,0.7601758248455438,0.18904270602063472,21.47,0.9284438078643887,0.758322372586959,0.9035022665290647,0.9678107122685407,0.07342202321395276,0.37871632318666626,0.316443775451508,0.5670078334366252,310.4713771956351,238.3000030517578,0.764829230272519
SLB,Energy,58485489664.0,0.9176827720590041,0.029192066170774855,0.8863022240698399,0.775495745312988,0.5186104218362283,3.11,0.8238080120490823,0.7212871761545131,0.8558526954878576,0.951308035105771,0.022552858765486766,0.5712409739169207,0.23324988683916376,0.465499016228199,72.28623405127466,41.75,0.7622771480393294
CTSH,Technology,44861669376.0,0.7133275474064935,0.0,0.7075452088962794,0.7393785185918776,0.6244612772626355,4.51,1.0,0.6173831001174632,0.8552333632018116,0.9513764992814899,0.03847456503855924,0.4369908619499652,0.42224767760996346,0.40661188936953563,71.92060358945815,90.69999694824219,0.7307927224301171
PH,Industrials,90167689216.0,0.4447039896947462,0.07579525542571863,0.4044065682810227,0.8128242437170042,0.5551129685255323,24.23,0.784257194749199,0.6510131867364469,0.8921515795915906,0.963263632271061,0.04426216410621326,0.6337241315821285,0.4486744873715936,0.52352121588698,375.25956038584064,700.25,0.7106855139763538
PRU,Financial Services,39492239360.0,0.8733598717417907,0.05049422645875512,0.7654541675327375,0.6881470590475901,0.0,7.5,0.5680344934512647,1.0,0.857593077763231,0.9524993772980505,0.0,0.08934769701021185,0.2724129535539693,0.0,-1527.7414843075915,111.55999755859375,0.6719629926233862
DG,Consumer Defensive,15957829632.0,0.9620243461866504,0.10410811337162695,0.7635003117854916,0.7634287368493223,0.2457881676896957,6.06,0.15536449950533793,0.6746452279642233,0.8152870942003637,0.9377441044311572,0.10436300163146409,0.15038070627081473,0.3568376166477608,0.1048003481216656,101.26358411352788,72.55999755859375,0.6602492348411902
SRE,Utilities,53268852736.0,0.7618193376995412,0.07806309009760559,0.4323009769278736,0.6900363381504871,0.0977536829045318,4.54,0.6813674822438462,0.44494031076420415,0.878891638823603,0.9595028072786733,0.039221000705972446,0.9926172118785261,0.4807572369694392,0.3962327629709463,105.59544503295666,84.0999984741211,0.6545247227872107
ADM,Consumer Defensive,22060417024.0,0.9419587561848592,0.10286701607427595,0.8172521305341925,0.673680361400809,0.16945278829828916,3.65,0.8713546357958153,0.3726380554108114,0.8042635257391533,0.9352006394085177,0.020414521391901558,0.0527842001261294,0.04075338925209081,0.07510451425903485,117.44520308075083,46.099998474121094,0.6041361693879921
STZ,Consumer Defensive,29452382208.0,0.0,0.09522554716554388,0.7854915817917273,0.6793101084050066,0.5733968917330547,3.75,0.4842372606057026,0.6966982715431501,0.0,0.0,0.0231069488081936,1.0,0.6599089701763738,0.8226658502170348,211.4350336402491,162.94000244140625,0.4508841099926353
AIG,Financial Services,44108374016.0,0.7697312875353906,0.12838926826217745,1.0,0.6597164580587657,0.022528405380697402,4.07,0.9611062711338836,0.0,0.8193541286629212,0.9445043417871876,,0.6525970633996669,0.40930401674365513,0.38868867572752713,-93.35504880126591,74.33999633789062,0.0
BK,Financial Services,63041007616.0,0.8651030218228996,0.0897218359041414,,0.6995055878476693,0.05387227373645031,5.8,,0.8062722270940629,0.9056204255947127,0.9765052811442825,,,,0.7675267892760397,-354.55720863881373,87.83999633789062,0.0
AFL,Financial Services,56833282048.0,1.0,0.08555679516681414,0.8641446684680939,0.7883550244920658,0.20301684732924125,9.63,0.9324527856119782,0.5739908721860318,0.869464906543466,0.959990078476495,,0.9060167110500476,0.6507819810666419,1.0,-78.1231424950634,103.33999633789062,0.0
ALL,Financial Services,49716322304.0,0.9906475078057904,0.09568062143800948,0.8937019330700477,0.7955617177203715,0.21829698315267074,17.0,0.8988268387401621,0.9304087400037092,0.48955989114060944,0.8342755533676675,,0.23801810146640928,0.2728693168382273,0.4010379140814042,-14.55687733324299,187.6300048828125,0.0
WBA,Healthcare,8382284288.0,,,0.6363749740178757,0.0,0.01763092595011101,-10.24,0.0,0.7023654666760495,1.0,1.0,1.0,0.0012158143537741623,0.19126572310562565,0.025227045732480313,-56.867839722898516,9.699999809265137,0.0
MCK,Healthcare,74404790272.0,0.49525900682040314,0.16551927422285317,0.6793598004572854,,0.32440903748204253,21.79,,0.9281343420049972,0.8345062392052803,0.945946098533447,0.018751572606581512,0.0,0.0,0.05996828826109199,115.68427122939009,593.6900024414062,0.0
AZO,Consumer Cyclical,58042077184.0,0.6205029697623943,0.0344414904408481,0.0,,0.8963040355230507,149.41,,0.6787164657055433,0.8542833563136456,0.9529337937258721,0.024283423604266774,0.5885868906080419,0.6820350043817845,0.5006246948714028,2159.9254890942607,3458.550048828125,0.0
ORLY,Consumer Cyclical,75675648000.0,0.3356977759614025,0.04401217314251182,0.2927873622947412,,0.9045318009664359,40.62,,0.8099419891583977,0.8588146525401208,0.9552579088431019,0.02339856810134412,0.5569648502277268,0.6553316468501295,0.4617029468509371,751.8447940522481,1318.800048828125,0.0
FTNT,Technology,85566808064.0,0.5746580225037347,0.6988812353128042,0.25418950043682,1.0,0.5230082855321861,2.26,0.4181818181818182,0.7814123889862107,0.15979431078737338,0.16006344569766948,0.8603383017618647,0.5621638648090858,0.911865150997707,0.8451881825650381,38.8262488866553,111.63999938964844,0.6626134320380442
MNST,Consumer Defensive,47896608768.0,0.7692824190334611,0.6479906755445098,0.6626161543959972,0.08338446238888518,0.5816018695559805,1.56,0.9368717012775613,0.5592037800640772,0.10011800880547352,0.09888287750633663,1.0,0.48848895692761246,0.5850734253793237,0.6259019111676332,32.70510045630355,49.25,0.5784372728063937
EOG,Energy,72730402816.0,1.0,1.0,1.0,0.08742923108685348,0.49509241555130656,12.39,0.9376017362995117,0.09298110429042108,0.06311365818229965,0.06032958482104642,0.7034811916172328,1.0,0.6806117968483192,0.8709780129019652,362.3987048364512,129.30999755859375,0.5755235132220942
PAYX,Technology,53019279360.0,0.7762217062771345,0.3465803084621635,0.668850766420459,0.14921154634618686,0.4824729126832378,4.76,0.858018053568786,0.42918123981087924,0.07904444377569528,0.07449933938046381,0.6913513283612639,0.7952166910970702,0.8050202956530224,1.0,83.78172746973964,147.25,0.5359573066928491
CTAS,Industrials,82411757568.0,0.5767168841590129,0.5074235914995484,0.44668811055515845,0.1351668067263544,0.6105374973443807,4.15,0.42068761406797206,0.4995989228203238,0.09306307341811347,0.08876666369450192,0.8647128481668912,0.43802794006761836,0.5344196711713909,0.5666926678123313,87.77813336597876,204.22000122070312,0.4837136957667667
ROST,Consumer Cyclical,45780946944.0,0.8757544845385213,0.6922408136770335,0.7993209435310936,0.13983965734324702,0.4347992351816444,6.36,0.0,0.5104193696049486,0.10451216066476113,0.1033027065041517,0.805129285422347,0.21982164234156437,0.3270356637556715,0.2943886507180215,119.00774168763266,138.75999450683594,0.47715955049129777
WELL,Real Estate,96176963584.0,0.09067635329709234,0.667062642916348,0.3690930029386069,0.024600103518163656,0.03343955810495008,1.6,0.5668820598826025,0.6349055830126797,0.2258899886788391,0.18445036914117866,0.9405485233523824,0.6541105335552103,0.4101575840366882,0.3425799533583805,39.33161527400229,149.97000122070312,0.44547877609626213
CDNS,Technology,80959700992.0,0.2681157675158917,0.2844034483616589,0.0,0.09372173968671216,0.4237093690248566,3.81,0.4640655058452128,0.6207095407574977,0.08944855752057677,0.08501920218875843,0.7349018285204422,0.5822339212468474,1.0,0.7571909126956926,87.00210750473391,295.19000244140625,0.42888594305281774
KMI,Energy,58993033216.0,0.8662054223258625,0.4477378292262687,0.8308911126995473,0.03987484770326344,0.125260250690461,1.17,0.07183939229517089,0.31718964724925175,0.07753188244837732,0.07423197443905656,0.5884453834567156,0.789686520905419,0.5585573498560764,0.727866614730922,31.31528147125776,26.549999237060547,0.42468531683506056
TEL,Technology,45579386880.0,0.8500465793800649,0.04032506674376668,0.8510443967913589,0.05826676863399641,0.30741448905884855,6.32,0.7433729591081735,0.3220226688686263,0.07039126796170068,0.06958435312347236,0.7554100444993775,0.40136409481529783,0.351868566131629,0.47928044571975426,190.9275721619068,152.77000427246094,0.4195164604342501
SNPS,Technology,80771645440.0,0.4972403679634563,0.27883412387404405,0.11208402827416397,0.06908092445209522,0.2693860038240918,9.25,1.0,0.531045046485488,0.0849557178572325,0.0795869960334279,0.6545574960709262,0.42776724865235105,0.9225496414109381,0.4670680334762413,150.0643246985143,522.530029296875,0.4155625342770432
A,Healthcare,38420000768.0,0.7820657934862405,0.0,0.6578707012945755,0.07883954975414435,0.32445296367112814,4.43,0.4770285601538993,0.2763116285808158,0.07345319653522214,0.07035113127492536,0.7142421354985463,0.4742867671144934,0.5915499829243304,0.5413660297529822,98.00543033793667,134.6699981689453,0.3941773449307769
ATVI,Unknown,,,,,,,,,,,0.06557008284415068,,,,,,,0.0
DLR,Real Estate,56310583296.0,0.0,0.4168300751516588,0.5092327853228497,0.02274782568239115,0.0,1.61,0.3082622206876141,0.5389058785562966,0.11227188204003503,0.10102599952547102,,0.7870684545696583,0.5877079572620384,0.2567521452669773,25.36988012582339,164.27999877929688,0.0
VLO,Energy,42837114880.0,0.9417716373922281,0.7936056778251026,0.9507783337304424,0.045928914425953975,,8.58,0.6941054604646574,0.0,0.004181854662364401,0.0067622816440251355,,0.04165081384911143,0.0,0.03154251193653898,455.44423147489834,135.30999755859375,0.0
PGR,Financial Services,153833979904.0,0.9147151932970583,0.7591503621386335,0.8244579461520134,0.1225207254413334,0.26203526662417675,14.39,0.8091155724362453,1.0,1.0,1.0,,0.23148686481258118,0.11440697419134507,0.36934477394468,235.04663958844182,262.6000061035156,0.0
PSX,Energy,52879106048.0,0.8338146910755558,0.808355372961938,0.7538321022952903,0.03559163829125242,,4.99,0.41245005672569424,0.1350685129832035,0.0,0.0,,0.0,0.04164024003512709,0.0,223.40787598604467,128.0399932861328,0.0
NEM,Basic Materials,52983468032.0,,,0.9110078627591136,0.0,0.13715741661355427,-2.19,0.7745770236274848,0.88028302422519,0.24458529121151032,0.32061466869415745,0.0,0.6215819910337028,0.3997658193882031,0.6910588924310018,23.89587715405333,46.540000915527344,0.0
HPQ,Technology,31547525120.0,0.9832436938362141,0.8859259631166548,0.9522674926534827,,0.25277246653919694,2.81,,0.332897428692745,0.05706589443529097,0.05404826942872929,0.8077312328143953,0.12563283722580681,0.19837049324291364,0.19907858833875813,33.44757504898585,33.63999938964844,0.0
YUM,Consumer Cyclical,41277542400.0,0.8046016676437707,0.4756487614808066,0.7254983718529108,,1.0,5.22,,0.46863514616485064,0.0805597600007129,0.0774420607810716,0.7871612126024915,0.6311008980176148,0.5083061301653901,0.7480499220582953,60.747621070013125,147.91000366210938,0.0
RMD,Healthcare,34217074688.0,0.9665872458809767,0.5935436344589966,0.43275792854275386,0.2896195912269029,0.6133745673531326,8.48,1.0,1.0,0.8746736548832088,0.8631094116807142,0.8574961231002489,0.5618582559495582,0.703492024635622,0.7782629488750867,171.08628633402384,232.97999572753906,0.8983282543362483
HES,Energy,45154697216.0,1.0,0.6105001107726127,1.0,0.330753697283795,0.507940506512433,8.98,0.9046368632831888,0.9310076381111726,0.8564787903483938,0.8291777727418246,0.01939780824044825,1.0,1.0,0.7504610624164613,200.99927645893965,146.5500030517578,0.8699037365306678
SYY,Consumer Defensive,34784251904.0,0.9942751715254815,0.42923416419603866,0.8560149872875686,1.0,0.3579582971148984,3.9,0.0,0.8420417762741575,0.7969296881487206,0.7927154197100466,0.4245173547552893,0.0,0.11015449759638955,0.0,71.2461057890036,71.0999984741211,0.7308702685275041
DOW,Basic Materials,27217182720.0,0.9751048036582525,0.6853344122320195,0.9557964226771934,0.0660316793313957,0.03226952006481466,1.57,0.8740022069459602,0.7100640054325775,1.0,1.0,0.0,0.12040269162073705,0.0,0.015460555825404138,24.108544064998362,38.66999816894531,0.6761318445595101
WMB,Energy,69459189760.0,0.9551037402092682,0.0,0.5398991926490923,0.1743880659733165,0.10649955878788357,1.82,0.7490168161996512,0.7354175899618511,0.79508950280159,0.7837764368960288,0.18789313256768458,0.8875494153464369,0.7183430033376288,0.634344110290241,63.37344835092886,56.97999954223633,0.6630835070691757
EBAY,Consumer Cyclical,33482100736.0,0.9961434832256918,0.7563643209075838,0.7115839243498818,0.40864472225140364,0.26003347029123125,3.97,0.8041768046033189,0.8313274938902981,0.09902676250295912,0.039610960262289246,0.3784038235734171,0.3840713841126697,0.8935290070222267,0.5220516127890609,66.29496002431533,69.9000015258789,0.5775217628149535
BAX,Healthcare,15736322048.0,0.6796041696821611,0.9924760079895346,0.887149293010393,0.0091629606284507,0.07123648261642729,0.25,0.7721062673318874,0.817447649105666,0.5008841461870089,0.4845130868982754,0.10212765527089847,0.24621733845066354,0.38837647457867047,0.13271673432542797,26.66698934714042,30.81999969482422,0.5703886405691198
VTR,Real Estate,29082923008.0,0.0,1.0,0.32624113475177297,0.0,0.0,0.19,0.837044210257897,0.8866468506214693,0.0,0.0,1.0,0.631042429553114,0.45726691977996525,0.3291743302453675,23.769882044214658,66.52999877929688,0.4518227128651794
HLT,Consumer Cyclical,63967522816.0,0.9191773290217968,0.5219884162689232,0.0,,0.37668065660294325,6.14,,0.0,0.8627624151613675,0.8698118166836971,0.4282075574929342,0.9069585661338392,0.9556663204693044,1.0,78.01666782963832,265.8699951171875,0.0
MTD,Healthcare,26603907072.0,0.9546954167772105,0.21406701488251623,0.27739863508631046,,1.0,40.45,,0.7944848337072965,0.7976429101834038,0.79345510760923,0.37726215204619606,0.49557115150270886,0.7185914941229969,0.766816708791633,735.5460905745847,1271.9100341796875,0.0
